Workbook

Sheet Candidate Database
A1: 🗂 HireTrack — Candidate Database
A2: Candidate ID | B2: Full Name | C2: Email | D2: Phone | E2: Position Applied | F2: Source | G2: Application Date | H2: Current Stage | I2: Recruiter Assigned | J2: Resume Link | K2: Skills | L2: Expected CTC (₹) | M2: Notice Period (Days) | N2: Remarks
A3: CAN-1001 | B3: Aarav Mehta | C3: aarav.m@email.com | D3: 9812340001 | E3: Marketing Intern | F3: LinkedIn | G3: 2025-01-05 | H3: Joined | I3: Priya Sharma | J3: https://drive.google.com/resume_1001 | K3: Excel, PowerPoint, Canva | L3: 8000 | M3: 0
A4: CAN-1002 | B4: Sneha Rao | C4: sneha.r@email.com | D4: 9812340002 | E4: Data Analyst Intern | F4: Internshala | G4: 2025-01-08 | H4: HR Round | I4: Rahul Gupta | J4: https://drive.google.com/resume_1002 | K4: Python, SQL, Tableau | L4: 10000 | M4: 15
A5: CAN-1003 | B5: Karan Singh | C5: karan.s@email.com | D5: 9812340003 | E5: UI/UX Intern | F5: Referral | G5: 2025-01-10 | H5: Offer Extended | I5: Priya Sharma | J5: https://drive.google.com/resume_1003 | K5: Figma, Adobe XD, Sketch | L5: 12000 | M5: 30
A6: CAN-1004 | B6: Riya Patel | C6: riya.p@email.com | D6: 9812340004 | E6: Content Writer | F6: LinkedIn | G6: 2025-01-12 | H6: Rejected | I6: Anjali Verma | J6: https://drive.google.com/resume_1004 | K6: SEO, Copywriting, WordPress | L6: 15000 | M6: 45
A7: CAN-1005 | B7: Arjun Nair | C7: arjun.n@email.com | D7: 9812340005 | E7: Software Dev Intern | F7: Campus Drive | G7: 2025-01-15 | H7: Final Round | I7: Rahul Gupta | J7: https://drive.google.com/resume_1005 | K7: Java, React, Git | L7: 18000 | M7: 60
A8: CAN-1006 | B8: Meera Joshi | C8: meera.j@email.com | D8: 9812340006 | E8: HR Intern | F8: Naukri | G8: 2025-01-18 | H8: Interview Scheduled | I8: Anjali Verma | J8: https://drive.google.com/resume_1006 | K8: HR Policies, Communication | L8: 20000 | M8: 30
A9: CAN-1007 | B9: Dev Kapoor | C9: dev.k@email.com | D9: 9812340007 | E9: Finance Intern | F9: Email | G9: 2025-01-20 | H9: Applied | I9: Priya Sharma | J9: https://drive.google.com/resume_1007 | K9: Financial Modeling, Tally | L9: 9000 | M9: 0
A10: CAN-1008 | B10: Tanya Bose | C10: tanya.b@email.com | D10: 9812340008 | E10: Marketing Intern | F10: LinkedIn | G10: 2025-01-22 | H10: Phone Screened | I10: Anjali Verma | J10: https://drive.google.com/resume_1008 | K10: MS Office, Research | L10: 11000 | M10: 15
A11: CAN-1009 | B11: Rohan Iyer | C11: rohan.i@email.com | D11: 9812340009 | E11: Data Analyst Intern | F11: Internshala | G11: 2025-01-25 | H11: Assignment Sent | I11: Rahul Gupta | J11: https://drive.google.com/resume_1009 | K11: Python, ML, Pandas | L11: 13000 | M11: 30
A12: CAN-1010 | B12: Pooja Sharma | C12: pooja.s@email.com | D12: 9812340010 | E12: UI/UX Intern | F12: Referral | G12: 2025-02-01 | H12: Joined | I12: Priya Sharma | J12: https://drive.google.com/resume_1010 | K12: Video Editing, Photoshop | L12: 16000 | M12: 45
A13: CAN-1011 | B13: Vikram Das | C13: vikram.d@email.com | D13: 9812340011 | E13: Software Dev Intern | F13: LinkedIn | G13: 2025-02-03 | H13: HR Round | I13: Rahul Gupta | J13: https://drive.google.com/resume_1011 | K13: Excel, PowerPoint, Canva | L13: 8000 | M13: 0
A14: CAN-1012 | B14: Nisha Kulkarni | C14: nisha.k@email.com | D14: 9812340012 | E14: Content Writer | F14: Campus Drive | G14: 2025-02-05 | H14: Offer Extended | I14: Anjali Verma | J14: https://drive.google.com/resume_1012 | K14: Python, SQL, Tableau | L14: 10000 | M14: 15
... A22: CAN-1020 | B22: Shreya Pandey | C22: shreya.p@email.com | D22: 9812340020 | E22: HR Intern | F22: Naukri | G22: 2025-02-25 | H22: On Hold | I22: Anjali Verma | J22: https://drive.google.com/resume_1020 | K22: Video Editing, Photoshop | L22: 16000 | M22: 45

Sheet Status Tracker
A1: 📊 HireTrack — Recruitment Pipeline Status Tracker
A2: Candidate ID | B2: Full Name | C2: Position | D2: Recruiter | E2: Applied | F2: Screened | G2: Interview | H2: HR Round | I2: Offer | J2: Joined
A3: CAN-1001 | B3: Aarav Mehta | C3: Marketing Intern | D3: Priya Sharma | E3: ✓ | F3: ✓ | G3: ✓ | H3: ✓ | I3: ✓ | J3: ✓
A4: CAN-1002 | B4: Sneha Rao | C4: Data Analyst Intern | D4: Rahul Gupta | E4: ✓ | F4: ✓ | G4: ✓ | H4: ✓
A5: CAN-1003 | B5: Karan Singh | C5: UI/UX Intern | D5: Priya Sharma | E5: ✓ | F5: ✓ | G5: ✓ | H5: ✓ | I5: ✓
A6: CAN-1004 | B6: Riya Patel | C6: Content Writer | D6: Anjali Verma
A7: CAN-1005 | B7: Arjun Nair | C7: Software Dev Intern | D7: Rahul Gupta | E7: ✓ | F7: ✓ | G7: ✓ | H7: ✓
A8: CAN-1006 | B8: Meera Joshi | C8: HR Intern | D8: Anjali Verma | E8: ✓ | F8: ✓ | G8: ✓
A9: CAN-1007 | B9: Dev Kapoor | C9: Finance Intern | D9: Priya Sharma | E9: ✓
A10: CAN-1008 | B10: Tanya Bose | C10: Marketing Intern | D10: Anjali Verma | E10: ✓ | F10: ✓
A11: CAN-1009 | B11: Rohan Iyer | C11: Data Analyst Intern | D11: Rahul Gupta | E11: ✓ | F11: ✓
A12: CAN-1010 | B12: Pooja Sharma | C12: UI/UX Intern | D12: Priya Sharma | E12: ✓ | F12: ✓ | G12: ✓ | H12: ✓ | I12: ✓ | J12: ✓
A13: CAN-1011 | B13: Vikram Das | C13: Software Dev Intern | D13: Rahul Gupta | E13: ✓ | F13: ✓ | G13: ✓ | H13: ✓
A14: CAN-1012 | B14: Nisha Kulkarni | C14: Content Writer | D14: Anjali Verma | E14: ✓ | F14: ✓ | G14: ✓ | H14: ✓ | I14: ✓
A15: CAN-1013 | B15: Sahil Agarwal | C15: Finance Intern | D15: Priya Sharma
A16: CAN-1014 | B16: Divya Reddy | C16: HR Intern | D16: Anjali Verma | E16: ✓ | F16: ✓ | G16: ✓ | H16: ✓
A17: CAN-1015 | B17: Amit Choudhary | C17: Marketing Intern | D17: Rahul Gupta | E17: ✓ | F17: ✓ | G17: ✓
A18: CAN-1016 | B18: Komal Saxena | C18: Data Analyst Intern | D18: Priya Sharma | E18: ✓ | F18: ✓
A19: CAN-1017 | B19: Nikhil Tiwari | C19: Software Dev Intern | D19: Anjali Verma | E19: ✓
A20: CAN-1018 | B20: Ananya Bhatt | C20: UI/UX Intern | D20: Rahul Gupta | E20: ✓ | F20: ✓
A21: CAN-1019 | B21: Harsh Mishra | C21: Finance Intern | D21: Priya Sharma | E21: ✓ | F21: ✓ | G21: ✓ | H21: ✓ | I21: ✓ | J21: ✓
A22: CAN-1020 | B22: Shreya Pandey | C22: HR Intern | D22: Anjali Verma

Sheet Interview Log
A1: 📅 HireTrack — Interview Schedule & Feedback Log
A2: Interview ID | B2: Candidate ID | C2: Candidate Name | D2: Position | E2: Interview Date | F2: Time Slot | G2: Mode | H2: Interviewer | I2: Round | J2: Rating (1-5) | K2: Outcome
A3: INT-2001 | B3: CAN-1001 | C3: Aarav Mehta | D3: Marketing Intern | E3: 2025-01-12 | F3: 10:00 AM | G3: Video Call | H3: Priya Sharma | I3: Round 1 | J3: ★★★★☆ | K3: Cleared
A4: INT-2002 | B4: CAN-1002 | C4: Sneha Rao | D4: Data Analyst Intern | E4: 2025-01-15 | F4: 11:30 AM | G4: In-Person | H4: Rahul Gupta | I4: Round 1 | J4: ★★★☆☆ | K4: Cleared
A5: INT-2003 | B5: CAN-1003 | C5: Karan Singh | D5: UI/UX Intern | E5: 2025-01-17 | F5: 2:00 PM | G5: Video Call | H5: Priya Sharma | I5: Round 1 | J5: ★★★★★ | K5: Cleared
A6: INT-2004 | B6: CAN-1004 | C6: Riya Patel | D6: Content Writer | E6: 2025-01-19 | F6: 9:00 AM | G6: Phone | H6: Anjali Verma | I6: Round 1 | J6: ★★☆☆☆ | K6: Not Cleared
A7: INT-2005 | B7: CAN-1005 | C7: Arjun Nair | D7: Software Dev Intern | E7: 2025-01-22 | F7: 3:30 PM | G7: Panel | H7: Rahul Gupta | I7: Round 1 | J7: ★★★★☆ | K7: Cleared
A8: INT-2006 | B8: CAN-1006 | C8: Meera Joshi | D8: HR Intern | E8: 2025-01-26 | F8: 10:00 AM | G8: Video Call | H8: Anjali Verma | I8: Round 1 | J8: ★★★☆☆ | K8: On Hold
A9: INT-2007 | B9: CAN-1007 | C9: Pooja Sharma | D9: UI/UX Intern | E9: 2025-02-04 | F9: 11:00 AM | G9: Video Call | H9: Priya Sharma | I9: Round 2 | J9: ★★★★★ | K9: Cleared
A10: INT-2008 | B10: CAN-1008 | C10: Vikram Das | D10: Software Dev Intern | E10: 2025-02-06 | F10: 4:00 PM | G10: In-Person | H10: Rahul Gupta | I10: Round 2 | J10: ★★★★☆ | K10: Cleared
A11: INT-2009 | B11: CAN-1009 | C11: Nisha Kulkarni | D11: Content Writer | E11: 2025-02-08 | F11: 2:30 PM | G11: Phone | H11: Anjali Verma | I11: Round 1 | J11: ★★★★☆ | K11: Cleared
A12: INT-2010 | B12: CAN-1010 | C12: Divya Reddy | D12: HR Intern | E12: 2025-02-12 | F12: 10:30 AM | G12: Video Call | H12: Anjali Verma | I12: Round 2 | J12: ★★★☆☆ | K12: On Hold
A13: INT-2011 | B13: CAN-1011 | C13: Amit Choudhary | D13: Marketing Intern | E13: 2025-02-14 | F13: 1:00 PM | G13: In-Person | H13: Rahul Gupta | I13: Round 1 | J13: ★★★★☆ | K13: Cleared
A14: INT-2012 | B14: CAN-1012 | C14: Aarav Mehta | D14: Marketing Intern | E14: 2025-01-19 | F14: 3:00 PM | G14: In-Person | H14: Priya Sharma | I14: Round 2 | J14: ★★★★★ | K14: Cleared

Sheet Recruiter Metrics
A1: 👤 HireTrack — Recruiter Performance Metrics
A2: Recruiter Name | B2: Total Assigned | C2: Screened | D2: Interviews Scheduled | E2: Offers Made | F2: Joined | G2: Rejection Rate | H2: Avg. Days to Hire
A3: Priya Sharma | B3: 8 | C3: 7 | D3: 6 | E3: 4 | F3: 3 | G3: =IFERROR(1-F3/B3,0) -> 0.625 | H3: 28
A4: Rahul Gupta | B4: 7 | C4: 6 | D4: 5 | E4: 3 | F4: 2 | G4: =IFERROR(1-F4/B4,0) -> 0.71428571 | H4: 35
A5: Anjali Verma | B5: 5 | C5: 4 | D5: 3 | E5: 2 | F5: 2 | G5: =IFERROR(1-F5/B5,0) -> 0.6 | H5: 22
A6: TOTAL / AVG | B6: =SUM(B3:B5) -> 20 | C6: =SUM(C3:C5) -> 17 | D6: =SUM(D3:D5) -> 14 | E6: =SUM(E3:E5) -> 9 | F6: =SUM(F3:F5) -> 7 | G6: =IFERROR(1-F6/B6,0) -> 0.65 | H6: =AVERAGE(H3:H5) -> 28.333333
A8: ── KEY PERFORMANCE INDICATORS ──
A9: 🧑 Total Candidates | C9: 📄 Offers Extended | E9: ✅ Joined | G9: 📈 Conversion Rate
A10: ='Candidate Database'!A22 -> CAN-1020 | C10: =COUNTIF('Candidate Database'!H3:H200,"Offer Extended")+COUNTIF('Candidate Database'!H3:H200,"Joined") -> 5 | E10: =COUNTIF('Candidate Database'!H3:H200,"Joined") -> 3 | G10: =IFERROR(COUNTIF('Candidate Database'!H3:H200,"Joined")/COUNTA('Candidate Database'!A3:A200),0) -> 0.15

Sheet Dashboard
A1: 📊 HireTrack — Recruitment Dashboard | T1: Stage | U1: Count
A2: Internship Recruitment Tracking System for Startups | Shreya Chopra | 25BBA149 | T2: Applied | U2: =COUNTIF('Candidate Database'!H:H,T2) -> 2
T3: Phone Screened | U3: =COUNTIF('Candidate Database'!H:H,T3) -> 2
A4: PIPELINE SUMMARY | T4: Assignment Sent | U4: =COUNTIF('Candidate Database'!H:H,T4) -> 2
A5: Total Applications | D5: Interviews Done | G5: Offers Made | J5: Joined | M5: Rejected | P5: Conversion % | T5: Interview Scheduled | U5: =COUNTIF('Candidate Database'!H:H,T5) -> 2
T6: HR Round | U6: =COUNTIF('Candidate Database'!H:H,T6) -> 2
A7: =COUNTA('Candidate Database'!A3:A200) -> 20 | D7: =COUNTA('Interview Log'!A3:A200) -> 12 | G7: =COUNTIF('Candidate Database'!H3:H200,"Offer Extended")+COUNTIF('Candidate Database'!H3:H200,"Joined") -> 5 | J7: =COUNTIF('Candidate Database'!H3:H200,"Joined") -> 3 | M7: =COUNTIF('Candidate Database'!H3:H200,"Rejected") -> 2 | P7: =IFERROR(COUNTIF('Candidate Database'!H3:H200,"Joined")/COUNTA('Candidate Database'!A3:A200),0) -> 0.15 | T7: Final Round | U7: =COUNTIF('Candidate Database'!H:H,T7) -> 2
T8: Offer Extended | U8: =COUNTIF('Candidate Database'!H:H,T8) -> 2
T9: Joined | U9: =COUNTIF('Candidate Database'!H:H,T9) -> 3
T10: Rejected | U10: =COUNTIF('Candidate Database'!H:H,T10) -> 2
T11: On Hold | U11: =COUNTIF('Candidate Database'!H:H,T11) -> 1
T13: Source | U13: Count
T14: LinkedIn | U14: =COUNTIF('Candidate Database'!F:F,T14) -> 6
T15: Internshala | U15: =COUNTIF('Candidate Database'!F:F,T15) -> 3
T16: Referral | U16: =COUNTIF('Candidate Database'!F:F,T16) -> 3
T17: Company Website | U17: =COUNTIF('Candidate Database'!F:F,T17) -> 0
T18: Email | U18: =COUNTIF('Candidate Database'!F:F,T18) -> 2
T19: Naukri | U19: =COUNTIF('Candidate Database'!F:F,T19) -> 3
T20: Campus Drive | U20: =COUNTIF('Candidate Database'!F:F,T20) -> 3
T21: Walk-In | U21: =COUNTIF('Candidate Database'!F:F,T21) -> 0
